id,pagerank
askreddit,586.8438932806989
iama,477.91373968373057
videos,304.8922087385171
pics,239.38429227276112
leagueoflegends,188.3222105729879
